name,alias,code
APS PWA,APS PWA,4200
Fox Canyon,Fox Canyon,5795
HOA CONSTRUCTION,HOA CONSTRUCTION,4200
HOA Const. PWA,HOA CONSTRUCTION,4200
Hazmat,Hazmat,2931
Misc,Small Run,0000
OWTS,OWTS,2939
PWA Construction,PWA Construction,4200
PWA Map Books,PWA Surveyors,4005
PWA PERMITS OVERSIZE SCANS,PWA PERMITS,4200
PWA PERMITS,PWA PERMITS,4200
PWA Surveyors,PWA Surveyors,4005
Planning,Planning,2911
RMA B&S OVERSIZE,RMA B&S,2925
RMA B&S,RMA B&S,2925
RMA Building and Safety,RMA B&S,2925
RMA Cultural Heritage,RMA Cultural Heritage,2911
RMA EHD Plan Check,RMA EHD Plan Check,2933
RMA PLA Records,RMA PLA Records,2911
RMA Plan Check,RMA EHD Plan Check,2933
Small Run,Small Run,0000
WP APS PWA,APS PWA,4200
